{
  "bgru": {
    "rmse": 0.0674593360079881,
    "dir_acc": 0.4927536231884058
  },
  "transformer": {
    "rmse": 0.1480273580152656,
    "dir_acc": 0.5270092226613966
  },
  "tcn": {
    "rmse": 0.8128908168058169,
    "dir_acc": 0.5138339920948617
  },
  "mean": {
    "rmse": 0.2579660170360527,
    "dir_acc": 0.5019762845849802
  },
  "rmse_weighted": {
    "rmse": 0.0674593360079881,
    "dir_acc": 0.4927536231884058
  },
  "ridge": {
    "rmse": 0.062245599879262856,
    "dir_acc": 0.4927536231884058
  },
  "chosen": "ridge"
}